"","DATES","FILE_NAME","TARGET_GROUP","GROUP_NAME","TIME","NOTES","X","SIZE"
"2",20241217,"20241217_training_00942","y","jbrb","08:59 AEDT","",942,52.921875
"3",20241217,"20241217_training_00943","y","jbrb","09:03 AEDT","swa",943,78.0234375
"4",20241217,"20241217_training_00944","y","jbrb","09:04 AEDT","",944,52.9921875
"5",20241217,"20241217_training_00947","y","pbgrb","09:26 AEDT","",947,36.1640625
"6",20241217,"20241217_training_00948","y","pbgrb","09:31 AEDT","sgn",948,296.68359375
"7",20241217,"20241217_training_00949","y","pbgrb","09:32 AEDT","",949,72.55078125
"8",20241217,"20241217_training_00950","y","pbgrb","09:46 AEDT","",950,160.705078125
"9",20241217,"20241217_training_00951","y","pbgrb","09:47 AEDT","",951,50.25
"10",20241217,"20241217_training_00952","y","pbgrb","09:49 AEDT","",952,67.939453125
"11",20241217,"20241217_training_00953","y","pbgrb","09:50 AEDT","",953,38.4375
"12",20241217,"20241217_training_00954","y","pbgrb","09:51 AEDT","",954,103.142578125
"14",20241217,"20241217_training_00958","y","gbb","10:25 AEDT","",958,29.033203125
"15",20241217,"20241217_training_00959","y","gbb","10:26 AEDT","",959,53.7421875
"16",20241217,"20241217_training_00960","y","gbb","10:29 AEDT","soo",960,164.12109375
"17",20241217,"20241217_training_00961","y","gbb","10:30 AEDT","",961,64.8515625
"21",20241217,"20241217_training_00970","y","jgyr","10:55 AEDT","",970,29.77734375
"22",20241217,"20241217_training_00971","y","jgyr","15:26 AEDT","",971,67.1484375
"23",20241217,"20241217_training_00972","y","jgyr","15:36 AEDT","pwrbo+",972,634.03125
"24",20241217,"20241217_training_00973","y","jgyr","15:36 AEDT","pwrbo",973,54.744140625
"25",20241217,"20241217_training_00974","y","jgyr","15:40 AEDT","",974,144.521484375
"26",20241217,"20241217_training_00975","y","jgyr","15:45 AEDT","",975,311.900390625
"27",20241217,"20241217_training_00976","y","jgyr","15:47 AEDT","",976,53.63671875
"29",20241217,"20241217_training_00980","y","syw","16:09 AEDT","",980,334.76953125
"36",20241218,"20241218_training_01035","y","jgyr","11:31 AEDT","",1035,233.6015625
"37",20241218,"20241218_training_01037","y","cmra","11:34 AEDT","",1037,130.236328125
"38",20241218,"20241218_training_01038","y","cmra","11:38 AEDT","",1038,52.91015625
"39",20241218,"20241218_training_01040","y","cmra","11:40 AEDT","jbbwb",1040,70.96875
"41",20241218,"20241218_training_01043","y","cmra","11:44 AEDT","",1043,88.470703125
"42",20241218,"20241218_training_01044","y","cmra","11:51 AEDT","",1044,27.158203125
"43",20241218,"20241218_training_01045","y","cmra","11:54 AEDT","",1045,205.587890625
"44",20241218,"20241218_training_01046","y","cmra","11:57 AEDT","",1046,90.533203125
"45",20241218,"20241218_training_01047","y","cmra","11:58 AEDT","",1047,6.375
"46",20241218,"20241218_training_01048","y","cmra","11:58 AEDT","",1048,27.375
"47",20241218,"20241218_training_01049","y","cmra","12:01 AEDT","",1049,126.896484375
"48",20241218,"20241218_training_01050","y","cmra","12:07 AEDT","",1050,133.669921875
"50",20241218,"20241218_training_01054","y","pbgrb","12:43 AEDT","",1054,115.875
"51",20241218,"20241218_training_01055","y","pbgrb","12:44 AEDT","",1055,70.224609375
"52",20241218,"20241218_training_01056","y","pbgrb","12:45 AEDT","",1056,28.224609375
"53",20241218,"20241218_training_01057","y","pbgrb","12:46 AEDT","",1057,54.38671875
"54",20241218,"20241218_training_01058","y","pbgrb","13:17 AEDT","",1058,255.05859375
"55",20241218,"20241218_training_01059","y","pbgrb","13:18 AEDT","",1059,39.97265625
"56",20241218,"20241218_training_01060","y","pbgrb","13:19 AEDT","",1060,59.314453125
"57",20241218,"20241218_training_01061","y","pbgrb","13:25 AEDT","",1061,300.984375
"59",20241218,"20241218_training_01066","y","jgyr","14:21 AEDT","",1066,308.267578125
"60",20241218,"20241218_training_01067","y","jgyr","14:25 AEDT","",1067,119.015625
"61",20241219,"20241219_training_01070","y","gbb","07:23 AEDT","",1070,47.970703125
"62",20241219,"20241219_training_01071","y","gbb","07:24 AEDT","",1071,96.462890625
"63",20241219,"20241219_training_01073","y","jgyr","07:27 AEDT","j, 1073-1083: all either jgyr or gbb",1073,40.078125
"64",20241219,"20241219_training_01074","y","jgyr","07:29 AEDT","hma",1074,86.015625
"65",20241219,"20241219_training_01075","y","jgyr","07:31 AEDT","hma",1075,82.828125
"66",20241219,"20241219_training_01076","y","gbb","07:36 AEDT","unb m",1076,52.58203125
"67",20241219,"20241219_training_01077","y","gbb","07:40 AEDT","",1077,31.8984375
"68",20241219,"20241219_training_01078","y","gbb","07:40 AEDT","",1078,32.73046875
"69",20241219,"20241219_training_01079","y","gbb","07:42 AEDT","j+soo",1079,40.189453125
"70",20241219,"20241219_training_01080","y","gbb","07:44 AEDT","",1080,66.17578125
"71",20241219,"20241219_training_01081","y","gbb","07:48 AEDT","hnwo",1081,255.708984375
"72",20241219,"20241219_training_01082","y","gbb","07:50 AEDT","unb",1082,52.0078125
"73",20241219,"20241219_training_01083","y","gbb","07:52 AEDT","",1083,53.982421875
"74",20241219,"20241219_training_01085","y","jmna","08:03 AEDT","js",1085,205.6875
"75",20241219,"20241219_training_01086","y","jmna","08:05 AEDT","",1086,53.396484375
"76",20241219,"20241219_training_01087","y","jmna","08:07 AEDT","",1087,62.1328125
"77",20241219,"20241219_training_01088","y","jmna","08:12 AEDT","unb f",1088,30.451171875
"78",20241219,"20241219_training_01089","y","jmna","08:14 AEDT","",1089,118.294921875
"79",20241219,"20241219_training_01090","y","jmna","08:16 AEDT","",1090,28.9453125
"80",20241219,"20241219_training_01091","y","jmna","08:16 AEDT","",1091,35.33203125
"81",20241219,"20241219_training_01092","y","jmna","08:19 AEDT","",1092,149.853515625
"82",20241219,"20241219_training_01093","y","jmna","08:20 AEDT","unb f",1093,95.560546875
"83",20241219,"20241219_training_01094","y","jmna","08:23 AEDT","unb f",1094,56.232421875
"87",20241219,"20241219_training_01102","y","jbrb","08:52 AEDT","m",1102,61.2421875
"88",20241219,"20241219_training_01104","y","jbrb","08:55 AEDT","f",1104,146.578125
"89",20241219,"20241219_training_01106","y","jbrb","08:58 AEDT","ms",1106,146.6953125
"90",20241219,"20241219_training_01107","y","jbrb","09:10 AEDT","ms",1107,97.5234375
"91",20241219,"20241219_training_01108","y","jbrb","09:26 AEDT","m",1108,83.05078125
"94",20241219,"20241219_training_01112","y","pbgrb","10:27 AEDT","inyb",1112,22.6875
"95",20241219,"20241219_training_01113","y","pbgrb","10:28 AEDT","inyb",1113,17.103515625
"96",20241219,"20241219_training_01114","y","pbgrb","10:33 AEDT","m w js",1114,63.181640625
"97",20241219,"20241219_training_01115","y","pbgrb","10:37 AEDT","",1115,70.048828125
"107",20241219,"20241219_training_01128","y","gbb","11:06 AEDT","gbb",1128,101.302734375
"108",20241219,"20241219_training_01129","y","cmra","11:18 AEDT","jbbwb",1129,36.46875
"109",20241219,"20241219_training_01130","y","cmra","11:19 AEDT","jbbwb",1130,104.21484375
"110",20241219,"20241219_training_01131","y","cmra","11:21 AEDT","",1131,136.51171875
"114",20241219,"20241219_training_01135","y","jgyr","14:47 AEDT","",1135,302.47265625
"115",20241219,"20241219_training_01136","y","jgyr","14:49 AEDT","",1136,48.884765625
"116",20241219,"20241219_training_01137","y","cmra","14:54 AEDT","",1137,48.6796875
"117",20241219,"20241219_training_01138","y","cmra","15:03 AEDT","",1138,41.6015625
"118",20241219,"20241219_training_01139","y","cmra","15:06 AEDT","",1139,89.080078125
"119",20241219,"20241219_training_01140","y","cmra","15:07 AEDT","",1140,34.72265625
"120",20241219,"20241219_training_01141","y","cmra","15:10 AEDT","",1141,66.474609375
"121",20241219,"20241219_training_01142","y","cmra","15:10 AEDT","",1142,55.62890625
"123",20241219,"20241219_training_01144","y","pbgrb","15:23 AEDT","",1144,115.078125
"124",20241219,"20241219_training_01145","y","pbgrb","15:25 AEDT","",1145,134.8125
"125",20241219,"20241219_training_01146","y","pbgrb","15:26 AEDT","",1146,37.095703125
"126",20241219,"20241219_training_01147","y","pbgrb","15:28 AEDT","",1147,50.583984375
"128",20241219,"20241219_training_01149","y","jgyr","16:04 AEDT","",1149,184.5234375
"129",20241220,"20241220_training_01210","y","jgyr","14:11 AEDT","pwrbo",1210,146.677734375
"130",20241220,"20241220_training_01211","y","jgyr","14:12 AEDT","2 males",1211,93.4921875
"131",20241220,"20241220_training_01212","y","jgyr","14:14 AEDT","",1212,23.63671875
"132",20241220,"20241220_training_01213","y","cmra","14:20 AEDT","",1213,52.306640625
"133",20241220,"20241220_training_01214","y","gbb","14:28 AEDT","soo+",1214,39.5625
"134",20241220,"20241220_training_01215","y","gbb","14:30 AEDT","",1215,45.64453125
"135",20241220,"20241220_training_01216","y","gbb","14:31 AEDT","",1216,39.650390625
"136",20241220,"20241220_training_01217","y","gbb","14:34 AEDT","between gbb and construction site",1217,189.544921875
"137",20241220,"20241220_training_01218","y","gbb","14:46 AEDT","",1218,39.6328125
"138",20241220,"20241220_training_01219","y","","14:49 AEDT","gbb site but not sure if the members were gbb --> new unb female in the area",1219,52.8046875
"139",20241220,"20241220_training_01220","y","","14:52 AEDT","gbb site but not sure if the members were gbb",1220,58.224609375
"140",20241220,"20241220_training_01221","y","","14:53 AEDT","somewhere between gbb/pbgrb/const",1221,43.693359375
"141",20241220,"20241220_training_01222","y","","14:56 AEDT","somewhere between gbb/pbgrb/const",1222,89.595703125
"142",20241220,"20241220_training_01223","y","","14:58 AEDT","somewhere between gbb/pbgrb/const",1223,33.140625
"143",20241220,"20241220_training_01224","y","","15:09 AEDT","somewhere between gbb/pbgrb/const",1224,57.708984375
"144",20241220,"20241220_training_01225","y","","15:11 AEDT","somewhere between gbb/pbgrb/const",1225,63.421875
"145",20241220,"20241220_training_01226","y","","15:14 AEDT","somewhere between gbb/pbgrb/const",1226,39.38671875
"146",20241220,"20241220_training_01227","y","","15:15 AEDT","somewhere between gbb/pbgrb/const",1227,64.083984375
"147",20241220,"20241220_training_01228","y","","15:18 AEDT","somewhere between gbb/pbgrb/const",1228,59.8828125
"148",20241220,"20241220_training_01229","y","","15:19 AEDT","somewhere between gbb/pbgrb/const",1229,71.677734375
"149",20241220,"20241220_training_01230","y","syw","15:34 AEDT","mainly syw",1230,248.115234375
"150",20241220,"20241220_training_01231","y","syw","15:38 AEDT","fledglings + syw",1231,131.431640625
"151",20241220,"20241220_training_01232","y","jgyr","15:51 AEDT","jgyr gardenbed",1232,219.50390625
"160",20241223,"20241223_training_01278","y","pbgrb","11:01 AEDT","",1278,125.126953125
"161",20241223,"20241223_training_01279","y","pbgrb","11:04 AEDT","",1279,88.376953125
"162",20241223,"20241223_training_01280","y","pbgrb","11:05 AEDT","",1280,73.91015625
"163",20241223,"20241223_training_01281","y","pbgrb","11:08 AEDT","",1281,150.796875
"164",20241223,"20241223_training_01282","y","pbgrb","11:09 AEDT","",1282,127.359375
"165",20241223,"20241223_training_01283","y","pbgrb","11:10 AEDT","",1283,28.599609375
"166",20241223,"20241223_training_01284","y","pbgrb","11:12 AEDT","",1284,150.544921875
"167",20241223,"20241223_training_01286","y","gbb","11:18 AEDT","",1286,58.318359375
"168",20241223,"20241223_training_01287","y","gbb","11:20 AEDT","",1287,34.986328125
"169",20241223,"20241223_training_01288","y","gbb","11:21 AEDT","",1288,30.580078125
"173",20241223,"20241223_training_01292","y","jgyr","14:08 AEDT","",1292,151.67578125
"174",20241223,"20241223_training_01293","y","jgyr","14:10 AEDT","",1293,43.541015625
"175",20241223,"20241223_training_01294","y","syw","14:16 AEDT","smow",1294,109.482421875
"176",20241223,"20241223_training_01295","y","cmra","14:19 AEDT","(pnaba)",1295,50.443359375
"177",20241223,"20241223_training_01296","y","syw","14:22 AEDT","",1296,45.169921875
"178",20241223,"20241223_training_01297","y","cmra","14:30 AEDT","",1297,65.267578125
"179",20241223,"20241223_training_01299","y","jbrb","14:40 AEDT","",1299,25.5
"180",20241223,"20241223_training_01300","y","","14:51 AEDT","gbb/pbgrb. Unb m",1300,106.359375
"181",20241223,"20241223_training_01301","y","","14:52 AEDT","unb m +",1301,98.162109375
"182",20241223,"20241223_training_01303","y","jgyr","14:59 AEDT","(pwrbo)",1303,38.98828125
"183",20241223,"20241223_training_01304","y","jgyr","14:59 AEDT","",1304,10.81640625
"184",20241223,"20241223_training_01305","y","jgyr","15:03 AEDT","",1305,303.990234375
"185",20241224,"20241224_training_01306","y","jbrb","09:31 AEDT","",1306,120.76171875
"186",20241224,"20241224_training_01307","y","jbrb","09:31 AEDT","",1307,36.24609375
"187",20241224,"20241224_training_01308","y","jbrb","09:34 AEDT","",1308,136.60546875
"188",20241224,"20241224_training_01309","y","jbrb","09:35 AEDT","",1309,47.197265625
"189",20241224,"20241224_training_01310","y","jbrb","09:36 AEDT","",1310,22.59375
"190",20241224,"20241224_training_01311","y","jbrb","09:43 AEDT","",1311,264.041015625
"191",20241224,"20241224_training_01312","y","jbrb","09:43 AEDT","",1312,45.10546875
"192",20241224,"20241224_training_01314","y","jbrb","09:48 AEDT","other bird at left corner foraging",1314,20.54296875
"193",20241224,"20241224_training_01315","y","jbrb","09:50 AEDT","",1315,69.50390625
"194",20241224,"20241224_training_01316","y","jbrb","09:51 AEDT","",1316,27.94921875
"195",20241224,"20241224_training_01317","y","jbrb","09:54 AEDT","",1317,51.22265625
"196",20241224,"20241224_training_01319","y","pbgrb","10:10 AEDT","",1319,17.595703125
"197",20241224,"20241224_training_01320","y","pbgrb","10:11 AEDT","",1320,83.244140625
"198",20241224,"20241224_training_01321","y","pbgrb","10:15 AEDT","",1321,45.87890625
"199",20241224,"20241224_training_01322","y","pbgrb","10:18 AEDT","",1322,61.658203125
"200",20241224,"20241224_training_01323","y","pbgrb","10:20 AEDT","",1323,67.916015625
"201",20241224,"20241224_training_01324","y","pbgrb","10:23 AEDT","",1324,40.353515625
"202",20241224,"20241224_training_01325","y","pbgrb","10:24 AEDT","",1325,50.947265625
"203",20241224,"20241224_training_01326","y","pbgrb","10:25 AEDT","",1326,34.2890625
"204",20241224,"20241224_training_01327","y","pbgrb","10:26 AEDT","",1327,40.32421875
"205",20241224,"20241224_training_01328","y","pbgrb","10:27 AEDT","",1328,47.771484375
"206",20241224,"20241224_training_01329","y","pbgrb","10:28 AEDT","",1329,28.37109375
"207",20241224,"20241224_training_01330","y","pbgrb","10:30 AEDT","",1330,137.0625
"208",20241224,"20241224_training_01331","y","gbb","10:40 AEDT","",1331,126.3984375
"209",20241224,"20241224_training_01332","y","gbb","10:41 AEDT","gbb",1332,93.240234375
"210",20241224,"20241224_training_01333","y","syw","11:02 AEDT","",1333,403.787109375
"211",20241224,"20241224_training_01334","y","syw","11:02 AEDT","",1334,15.744140625
"212",20241224,"20241224_training_01335","y","syw","11:05 AEDT","",1335,16.1484375
"213",20241224,"20241224_training_01336","y","syw","11:08 AEDT","",1336,26.26171875
"214",20241224,"20241224_training_01337","y","","11:20 AEDT","cmra/jgyr",1337,25.095703125
"215",20241224,"20241224_training_01338","y","cmra","11:21 AEDT","",1338,27.78515625
"216",20241224,"20241224_training_01339","y","cmra","11:22 AEDT","",1339,36.0703125
"217",20241224,"20241224_training_01340","y","cmra","11:23 AEDT","",1340,50.87109375
"218",20241224,"20241224_training_01341","y","cmra","11:26 AEDT","",1341,77.361328125
"219",20241224,"20241224_training_01342","y","cmra","11:28 AEDT","",1342,107.208984375
"220",20241224,"20241224_training_01343","y","cmra","11:28 AEDT","",1343,44.77734375
"221",20241224,"20241224_training_01344","y","jgyr","11:33 AEDT","",1344,195.064453125
"222",20241224,"20241224_training_01345","y","jgyr","11:39 AEDT","",1345,409.2890625
"223",20241224,"20241224_training_01347","y","jgyr","11:43 AEDT","",1347,284.162109375
"224",20241224,"20241224_training_01348","y","jgyr","11:43 AEDT","",1348,17.689453125
"227",20241226,"20241226_training_01412","y","pbgrb","10:36 AEDT","inyb+",1412,389.947265625
"228",20241226,"20241226_training_01413","y","pbgrb","10:37 AEDT","",1413,107.853515625
"229",20241226,"20241226_training_01414","y","pbgrb","10:38 AEDT","allopreening",1414,29.572265625
"230",20241226,"20241226_training_01415","y","pbgrb","10:40 AEDT","",1415,100.541015625
"231",20241226,"20241226_training_01416","y","pbgrb","10:44 AEDT","inyb+",1416,309.22265625
"232",20241226,"20241226_training_01417","y","gbb","11:11 AEDT","",1417,264.33984375
"233",20241226,"20241226_training_01418","y","gbb","11:12 AEDT","",1418,19.974609375
"234",20241226,"20241226_training_01419","y","gbb","11:18 AEDT","",1419,112.69921875
"235",20241226,"20241226_training_01420","y","syw","11:34 AEDT","",1420,511.46484375
"237",20241227,"20241227_training_01480","y","jgyr","14:32 AEDT","",1480,126.7734375
"238",20241227,"20241227_training_01481","y","jgyr","14:34 AEDT","hONrw+",1481,52.025390625
"239",20241227,"20241227_training_01482","y","jgyr","14:36 AEDT","hONrw+",1482,102.744140625
"240",20241227,"20241227_training_01483","y","jgyr","14:37 AEDT","",1483,29.947265625
"241",20241227,"20241227_training_01484","y","jgyr","14:39 AEDT","",1484,29.021484375
"242",20241227,"20241227_training_01485","y","jgyr","14:40 AEDT","",1485,35.6015625
"243",20241227,"20241227_training_01486","y","jgyr","14:41 AEDT","",1486,73.833984375
"244",20241227,"20241227_training_01487","y","jgyr","14:45 AEDT","",1487,140.4609375
"245",20241227,"20241227_training_01488","y","jgyr","14:46 AEDT","",1488,93.287109375
"246",20241227,"20241227_training_01489","y","jgyr","14:51 AEDT","",1489,50.677734375
"247",20241227,"20241227_training_01490","y","syw","15:16 AEDT","",1490,133.634765625
"248",20241227,"20241227_training_01491","y","syw","15:17 AEDT","",1491,41.765625
"249",20241227,"20241227_training_01492","y","syw","15:22 AEDT","",1492,161.09765625
"250",20241227,"20241227_training_01493","y","cmra","15:24 AEDT","",1493,140.5078125
"251",20241227,"20241227_training_01494","y","cmra","15:26 AEDT","",1494,37.23046875
"252",20241227,"20241227_training_01495","y","cmra","15:27 AEDT","",1495,126.556640625
"253",20241227,"20241227_training_01496","y","cmra","15:36 AEDT","",1496,108.4453125
"254",20241227,"20241227_training_01497","y","cmra","15:38 AEDT","",1497,182.126953125
"255",20241227,"20241227_training_01498","y","cmra","15:40 AEDT","jbbwb",1498,59.455078125
"256",20241227,"20241227_training_01499","y","cmra","15:41 AEDT","",1499,59.25
"257",20241227,"20241227_training_01500","y","cmra","15:42 AEDT","hranr,hona+",1500,38.408203125
"258",20241227,"20241227_training_01501","y","cmra","15:46 AEDT","hranr,hona+",1501,356.314453125
"259",20241227,"20241227_training_01502","y","cmra","15:50 AEDT","hranr,hona+",1502,130.869140625
"261",20241230,"20241230_training_01532","y","jbrb","10:24 AEDT","",1532,103.552734375
"262",20241230,"20241230_training_01533","y","pbgrb","10:39 AEDT","",1533,203.8359375
"263",20241230,"20241230_training_01534","y","pbgrb","10:40 AEDT","",1534,52.916015625
"264",20241230,"20241230_training_01535","y","pbgrb","10:41 AEDT","",1535,53.6015625
"265",20241230,"20241230_training_01536","y","pbgrb","10:42 AEDT","",1536,31.86328125
"266",20241230,"20241230_training_01538","y","pbgrb","10:46 AEDT","",1538,89.853515625
"267",20241230,"20241230_training_01539","y","gbb","10:50 AEDT","",1539,63.826171875
"268",20241230,"20241230_training_01540","y","cmra","14:16 AEDT","",1540,114.333984375
"269",20241230,"20241230_training_01541","y","cmra","14:17 AEDT","",1541,89.033203125
"270",20241230,"20241230_training_01542","y","jgyr","14:27 AEDT","",1542,128.6015625
"271",20241230,"20241230_training_01543","y","jgyr","14:35 AEDT","",1543,322.166015625
"272",20241230,"20241230_training_01544","y","jgyr","14:43 AEDT","",1544,205.740234375
"273",20241230,"20241230_training_01545","y","jgyr","14:45 AEDT","pwrbo",1545,29.94140625
"274",20241230,"20241230_training_01546","y","jgyr","14:53 AEDT","",1546,156.46875
"275",20241230,"20241230_training_01547","y","jgyr","15:02 AEDT","",1547,76.93359375
"276",20241230,"20241230_training_01548","y","gbb","15:33 AEDT","",1548,160.48828125
"277",20241230,"20241230_training_01549","y","gbb","15:41 AEDT","",1549,549.486328125
"278",20241230,"20241230_training_01551","y","gbb","15:44 AEDT","",1551,92.830078125
"279",20241231,"20241231_training_01552","y","syw","09:14 AEDT","",1552,47.0859375
"281",20241231,"20241231_training_01554","y","syw","09:25 AEDT","hgrb",1554,292.189453125
"282",20241231,"20241231_training_01555","y","jmna","09:56 AEDT","",1555,352.11328125
"283",20241231,"20241231_training_01556","y","jmna","10:00 AEDT","",1556,265.91015625
"284",20241231,"20241231_training_01557","y","jmna","10:09 AEDT","",1557,698.21484375
"285",20241231,"20241231_training_01558","y","jmna","10:10 AEDT","hoa+",1558,36.017578125
"286",20241231,"20241231_training_01559","y","gbb","11:01 AEDT","",1559,314.068359375
"287",20241231,"20241231_training_01560","y","gbb","11:02 AEDT","",1560,23.419921875
"288",20241231,"20241231_training_01561","y","gbb","11:06 AEDT","",1561,206.96484375
"289",20241231,"20241231_training_01562","y","jgyr","11:08 AEDT","",1562,97.72265625
"294",20241231,"20241231_training_01567","y","syw","14:25 AEDT","smow",1567,61.470703125
"295",20241231,"20241231_training_01568","y","syw","14:29 AEDT","smow, but I think the fledgling in the back is from cmra.. ",1568,289.376953125
"296",20241231,"20241231_training_01569","y","pbgrb","15:10 AEDT","",1569,349.013671875
"297",20241231,"20241231_training_01570","y","pbgrb","15:13 AEDT","",1570,168.5625
"298",20241231,"20241231_training_01571","y","pbgrb","15:14 AEDT","",1571,152.537109375
"299",20250101,"20250101_training_01631","y","jbrb","14:24 AEDT","",1631,158.150390625
"300",20250101,"20250101_training_01632","y","jbrb","14:36 AEDT","",1632,429.69140625
"301",20250101,"20250101_training_01633","y","jbrb","14:39 AEDT","",1633,72.263671875
"302",20250101,"20250101_training_01637","y","pbgrb","15:21 AEDT","",1637,327.57421875
"303",20250101,"20250101_training_01638","y","pbgrb","15:26 AEDT","",1638,329.73046875
"304",20250101,"20250101_training_01639","y","pbgrb","15:31 AEDT","",1639,120.796875
"305",20250101,"20250101_training_01640","y","pbgrb","15:35 AEDT","",1640,162.26953125
"306",20250101,"20250101_training_01641","y","pbgrb","15:39 AEDT","",1641,327.802734375
"307",20250101,"20250101_training_01642","y","pbgrb","15:44 AEDT","",1642,348.533203125
"308",20250101,"20250101_training_01643","y","pbgrb","15:56 AEDT","",1643,277.259765625
"309",20250101,"20250101_training_01644","y","pbgrb","15:57 AEDT","",1644,67.3125
"310",20250101,"20250101_training_01645","y","syw","16:11 AEDT","",1645,96.234375
"311",20250102,"20250102_training_01646","y","jmna","08:54 AEDT","",1646,24.404296875
"312",20250102,"20250102_training_01647","y","jmna","08:56 AEDT","",1647,71.89453125
"313",20250102,"20250102_training_01648","y","cmra","09:22 AEDT","cmra/syw - likely cmra(near the nest)",1648,32.126953125
"314",20250102,"20250102_training_01649","y","syw","09:26 AEDT","",1649,49.166015625
"315",20250102,"20250102_training_01650","y","syw","09:27 AEDT","",1650,9.9609375
"316",20250102,"20250102_training_01651","y","syw","09:28 AEDT","",1651,52.2421875
"317",20250102,"20250102_training_01652","y","syw","09:34 AEDT","",1652,486.234375
"318",20250102,"20250102_training_01653","y","syw","09:37 AEDT","",1653,81.521484375
"319",20250102,"20250102_training_01654","y","syw","09:41 AEDT","",1654,293.25
"320",20250102,"20250102_training_01655","y","syw","09:42 AEDT","",1655,28.04296875
"321",20250102,"20250102_training_01656","y","syw","09:46 AEDT","",1656,115.1015625
"322",20250102,"20250102_training_01657","y","syw","09:55 AEDT","",1657,292.142578125
"323",20250102,"20250102_training_01658","y","syw","09:57 AEDT","",1658,161.28515625
"324",20250102,"20250102_training_01659","y","syw","10:01 AEDT","",1659,266.23828125
"325",20250102,"20250102_training_01660","y","syw","10:04 AEDT","",1660,252.849609375
"326",20250102,"20250102_training_01661","y","syw","10:08 AEDT","",1661,240.158203125
"327",20250102,"20250102_training_01664","y","jgyr","10:21 AEDT","",1664,257.841796875
"328",20250102,"20250102_training_01666","y","jgyr","10:26 AEDT","",1666,179.91796875
"329",20250102,"20250102_training_01668","y","jgyr","10:28 AEDT","",1668,87.3515625
"330",20250102,"20250102_training_01669","y","jgyr","10:30 AEDT","",1669,80.220703125
"331",20250102,"20250102_training_01670","y","jgyr","10:31 AEDT","",1670,76.541015625
"332",20250102,"20250102_training_01672","y","jgyr","10:33 AEDT","",1672,79.669921875
"333",20250102,"20250102_training_01673","y","jgyr","10:38 AEDT","",1673,267.943359375
"334",20250102,"20250102_training_01674","y","jgyr","10:40 AEDT","",1674,96.791015625
"335",20250102,"20250102_training_01675","y","jgyr","10:43 AEDT","",1675,44.373046875
"336",20250102,"20250102_training_01676","y","pbgrb","11:07 AEDT","",1676,431.19140625
"337",20250102,"20250102_training_01677","y","pbgrb","11:14 AEDT","",1677,467.736328125
"338",20250102,"20250102_training_01678","y","gbb","11:24 AEDT","gbb gardenbed - but went toward cmra area",1678,398.0625
"339",20250102,"20250102_training_01679","y","cmra","14:29 AEDT","(pnaba)",1679,517.529296875
"340",20250102,"20250102_training_01680","y","cmra","14:30 AEDT","",1680,48.57421875
"341",20250102,"20250102_training_01681","y","cmra","14:35 AEDT","",1681,179.0859375
"342",20250102,"20250102_training_01682","y","jgyr","14:45 AEDT","nest",1682,45.123046875
"343",20250102,"20250102_training_01683","y","cmra","14:47 AEDT","",1683,120.146484375
"344",20250102,"20250102_training_01684","y","cmra","14:49 AEDT","",1684,104.21484375
"345",20250102,"20250102_training_01685","y","cmra","14:53 AEDT","",1685,63.2578125
"346",20250102,"20250102_training_01686","y","cmra","15:12 AEDT","",1686,52.728515625
"347",20250102,"20250102_training_01687","y","jmna","15:12 AEDT","nest",1687,33.134765625
"348",20250102,"20250102_training_01688","y","jmna","15:13 AEDT","",1688,26.830078125
"349",20250102,"20250102_training_01689","y","jmna","15:14 AEDT","",1689,56.607421875
"350",20250102,"20250102_training_01691","y","jmna","15:22 AEDT","",1691,79.44140625
"351",20250102,"20250102_training_01692","y","jmna","15:25 AEDT","",1692,93.884765625
"352",20250102,"20250102_training_01693","y","jmna","15:28 AEDT","",1693,269.994140625
"353",20250102,"20250102_training_01694","y","jmna","15:30 AEDT","",1694,56.0390625
"354",20250102,"20250102_training_01695","y","jmna","15:32 AEDT","",1695,78.703125
"355",20250102,"20250102_training_01696","y","jmna","15:34 AEDT","",1696,144.708984375
"356",20250102,"20250102_training_01697","y","jmna","15:37 AEDT","",1697,21.404296875
"357",20250102,"20250102_training_01698","y","jmna","15:38 AEDT","",1698,90.5625
"358",20250102,"20250102_training_01699","y","jmna","15:39 AEDT","",1699,89.419921875
"359",20250102,"20250102_training_01700","y","jbrb","15:57 AEDT","",1700,137.513671875
"360",20250102,"20250102_training_01701","y","jbrb","15:59 AEDT","",1701,143.513671875
"361",20250102,"20250102_training_01702","y","jbrb","16:01 AEDT","",1702,30.43359375
"362",20250102,"20250102_training_01703","y","jbrb","16:02 AEDT","",1703,45.17578125
"363",20250102,"20250102_training_01704","y","jbrb","16:05 AEDT","",1704,173.98828125
"364",20250103,"20250103_training_01731","y","syw","14:20 AEDT","",1731,451.67578125
"365",20250103,"20250103_training_01732","y","syw","14:20 AEDT","",1732,22.62890625
"366",20250103,"20250103_training_01733","y","syw","14:39 AEDT","",1733,1635.064453125
"367",20250103,"20250103_training_01734","y","syw","14:43 AEDT","",1734,296.466796875
"368",20250103,"20250103_training_01735","y","syw","14:48 AEDT","",1735,271.30078125
"369",20250103,"20250103_training_01736","y","syw","14:51 AEDT","outside fence",1736,124.201171875
"370",20250103,"20250103_training_01737","y","syw","14:52 AEDT","outside fence",1737,49.669921875
"371",20250103,"20250103_training_01738","y","jbrb","15:10 AEDT","",1738,114.123046875
"372",20250103,"20250103_training_01739","y","jbrb","15:13 AEDT","",1739,238.8515625
"373",20250103,"20250103_training_01740","y","gbb","15:39 AEDT","soo, conr ",1740,95.583984375
"374",20250103,"20250103_training_01741","y","gbb","15:43 AEDT","soo, conr ",1741,300.744140625
"375",20250103,"20250103_training_01742","y","gbb","15:50 AEDT","",1742,296.314453125
"376",20250103,"20250103_training_01743","y","gbb","15:51 AEDT","",1743,39.521484375
"377",20250103,"20250103_training_01744","y","gbb","15:52 AEDT","",1744,77.89453125
"378",20250103,"20250103_training_01747","y","gbb","15:56 AEDT","",1747,124.875
"379",20250103,"20250103_training_01748","y","jgyr","16:06 AEDT","pwrbo",1748,72.26953125
"380",20250103,"20250103_training_01749","y","jgyr","16:08 AEDT","",1749,57.01171875
"381",20250103,"20250103_training_01750","y","jgyr","16:09 AEDT","",1750,41.75390625
"382",20250103,"20250103_training_01751","y","jgyr","16:10 AEDT","",1751,47.30859375
"383",20250103,"20250103_training_01752","y","jgyr","16:12 AEDT","",1752,56.49609375
"384",20250103,"20250103_training_01753","y","jgyr","16:14 AEDT","",1753,69.45703125
"385",20250106,"20250106_training_01791","y","jgyr","14:06 AEDT","gate",1791,60.298828125
"389",20250106,"20250106_training_01795","y","gbb","14:33 AEDT","snro",1795,178.693359375
"390",20250106,"20250106_training_01796","y","gbb","14:38 AEDT","",1796,224.390625
"391",20250106,"20250106_training_01797","y","gbb","14:39 AEDT","",1797,38.724609375
"392",20250106,"20250106_training_01798","y","jmna","14:40 AEDT","",1798,56.912109375
"393",20250106,"20250106_training_01799","y","jmna","14:43 AEDT","",1799,98.923828125
"394",20250106,"20250106_training_01800","y","jmna","14:46 AEDT","",1800,126.55078125
"395",20250106,"20250106_training_01801","y","jmna","14:50 AEDT","",1801,95.712890625
"396",20250106,"20250106_training_01802","y","jmna","14:54 AEDT","",1802,77.865234375
"397",20250106,"20250106_training_01803","y","jmna","14:55 AEDT","",1803,79.86328125
"403",20250106,"20250106_training_01809","y","jbrb","15:48 AEDT","",1809,56.44921875
"404",20250106,"20250106_training_01810","y","jbrb","15:51 AEDT","",1810,170.736328125
"405",20250106,"20250106_training_01811","y","jbrb","15:52 AEDT","",1811,38.841796875
"406",20250106,"20250106_training_01813","y","jbrb","15:56 AEDT","",1813,67.69921875
"407",20250106,"20250106_training_01815","y","jbrb","16:04 AEDT","",1815,76.388671875
"408",20250106,"20250106_training_01817","y","jbrb","16:06 AEDT","",1817,52.013671875
"409",20250106,"20250106_training_01818","y","jbrb","16:07 AEDT","",1818,40.025390625
"410",20250106,"20250106_training_01819","y","pbgrb","16:12 AEDT","sbn, jbn+",1819,40.095703125
"411",20250106,"20250106_training_01820","y","pbgrb","16:13 AEDT","",1820,57.017578125
"415",20250107,"20250107_training_01824","y","jgyr","09:03 AEDT","",1824,86.51953125
"416",20250107,"20250107_training_01826","y","jgyr","09:07 AEDT","",1826,109.171875
"417",20250107,"20250107_training_01827","y","jgyr","09:08 AEDT","",1827,74.0859375
"418",20250107,"20250107_training_01828","y","jgyr","09:11 AEDT","",1828,78.275390625
"419",20250107,"20250107_training_01829","y","jgyr","09:13 AEDT","",1829,111.78515625
"420",20250107,"20250107_training_01830","y","jgyr","09:13 AEDT","",1830,28.359375
"421",20250107,"20250107_training_01831","y","jgyr","09:14 AEDT","",1831,30.5859375
"422",20250107,"20250107_training_01832","y","jgyr","09:15 AEDT","",1832,75.57421875
"424",20250107,"20250107_training_01834","y","jgyr","09:24 AEDT","",1834,75.7734375
"425",20250107,"20250107_training_01836","y","cmra/jgyr","09:37 AEDT","",1836,81.12890625
"426",20250107,"20250107_training_01837","y","jgyr","09:39 AEDT","",1837,29.4375
"427",20250107,"20250107_training_01838","y","jgyr","09:47 AEDT","",1838,35.279296875
"428",20250107,"20250107_training_01839","y","jgyr","09:50 AEDT","pwrbo+",1839,219.234375
"429",20250107,"20250107_training_01840","y","cmra/jgyr","09:54 AEDT","",1840,106.962890625
"430",20250107,"20250107_training_01841","y","cmra","10:05 AEDT","pnaba+",1841,122.859375
"431",20250107,"20250107_training_01842","y","cmra","10:09 AEDT","",1842,288.609375
"432",20250107,"20250107_training_01843","y","cmra","10:11 AEDT","",1843,42.638671875
"433",20250107,"20250107_training_01844","y","jmna","10:23 AEDT","",1844,87.83203125
"434",20250107,"20250107_training_01845","y","jmna","10:24 AEDT","unb, hbby",1845,80.80078125
"435",20250107,"20250107_training_01846","y","jmna","10:27 AEDT","",1846,233.671875
"436",20250107,"20250107_training_01847","y","jmna","10:29 AEDT","",1847,90.84375
"437",20250107,"20250107_training_01848","y","jmna","10:34 AEDT","",1848,107.28515625
"438",20250107,"20250107_training_01849","y","gbb","14:12 AEDT","",1849,35.267578125
"439",20250107,"20250107_training_01850","y","gbb","14:13 AEDT","",1850,105.392578125
"440",20250107,"20250107_training_01852","y","gbb","14:19 AEDT","",1852,73.142578125
"441",20250107,"20250107_training_01853","y","gbb","14:24 AEDT","",1853,90.451171875
"442",20250107,"20250107_training_01854","y","gbb","14:26 AEDT","",1854,29.63671875
"443",20250107,"20250107_training_01855","y","gbb","14:27 AEDT","",1855,55.16015625
"444",20250107,"20250107_training_01856","y","gbb","14:28 AEDT","",1856,40.91015625
"445",20250107,"20250107_training_01857","y","pbgrb","14:41 AEDT","",1857,273.19921875
"446",20250107,"20250107_training_01859","y","pbgrb","14:47 AEDT","inyb+",1859,194.77734375
"447",20250107,"20250107_training_01861","y","pbgrb","14:51 AEDT","",1861,2.34375
"448",20250107,"20250107_training_01862","y","pbgrb","14:56 AEDT","",1862,61.55859375
"449",20250107,"20250107_training_01863","y","pbgrb","14:57 AEDT","",1863,62.3671875
"450",20250107,"20250107_training_01864","y","pbgrb","15:01 AEDT","inyb, sbn +",1864,184.91015625
"451",20250107,"20250107_training_01865","y","pbgrb","15:03 AEDT","",1865,48.978515625
"452",20250107,"20250107_training_01866","y","pbgrb","15:06 AEDT","",1866,226.681640625
"453",20250107,"20250107_training_01867","y","pbgrb","15:10 AEDT","",1867,67.212890625
"454",20250107,"20250107_training_01868","y","pbgrb","15:40 AEDT","",1868,27.1640625
"458",20250108,"20250108_training_00002","y","jgyr","14:08 AEDT","pwrbo+",2,245.8359375
"459",20250108,"20250108_training_00003","y","jgyr","14:10 AEDT","",3,59.70703125
"460",20250108,"20250108_training_00004","y","jgyr","14:12 AEDT","pwrbo+",4,68.68359375
"461",20250108,"20250108_training_00005","y","jgyr","14:18 AEDT","",5,410.26171875
"462",20250108,"20250108_training_00006","y","jgyr","14:21 AEDT","",6,215.244140625
"463",20250108,"20250108_training_00007","y","jgyr","14:22 AEDT","",7,72.451171875
"464",20250108,"20250108_training_00008","y","jbrb","14:46 AEDT","iwq, jmrw+ (80%)",8,420.908203125
"465",20250108,"20250108_training_00009","y","jbrb","14:51 AEDT","",9,57.474609375
"469",20250108,"20250108_training_00014","y","syw","15:53 AEDT","hgrwn+",14,329.126953125
"470",20250108,"20250108_training_00015","y","syw","15:56 AEDT","hgrwn+",15,59.677734375
"471",20250109,"20250109_training_00016","y","cmra","14:18 AEDT","hona",16,188.255859375
"472",20250109,"20250109_training_00017","y","cmra","14:23 AEDT","",17,83.173828125
"473",20250109,"20250109_training_00018","y","cmra","14:29 AEDT","pnaba",18,328.142578125
"474",20250109,"20250109_training_00019","y","cmra","14:36 AEDT","pnaba, jbbwb",19,523.154296875
"475",20250109,"20250109_training_00020","y","gbb","14:49 AEDT","conr",20,186.38671875
"476",20250109,"20250109_training_00021","y","gbb","14:55 AEDT","conr",21,137.26171875
"477",20250109,"20250109_training_00022","y","gbb","14:57 AEDT","soo",22,217.658203125
"478",20250109,"20250109_training_00023","y","gbb","15:00 AEDT","",23,119.841796875
"479",20250109,"20250109_training_00024","y","gbb","15:05 AEDT","",24,192.240234375
"480",20250109,"20250109_training_00025","y","gbb","15:07 AEDT","hnro+",25,153.861328125
"481",20250109,"20250109_training_00026","y","gbb","15:11 AEDT","",26,27.421875
"482",20250109,"20250109_training_00027","y","pbgrb","15:46 AEDT","sgn+",27,230.35546875
"483",20250109,"20250109_training_00028","y","pbgrb","15:47 AEDT","",28,69.662109375
"484",20250109,"20250109_training_00029","y","pbgrb","15:48 AEDT","smag",29,73.51171875
"485",20250109,"20250109_training_00030","y","jmna","15:57 AEDT","",30,76.1484375
"486",20250109,"20250109_training_00032","y","jmna","15:58 AEDT","hoa+",32,31.828125
"487",20250109,"20250109_training_00033","y","jmna","16:04 AEDT","hoa+",33,77.443359375
"488",20250109,"20250109_training_00034","y","jmna","16:07 AEDT","",34,132.26953125
"489",20250113,"20250113_training_00078","y","jmna","08:44 AEDT","jmna",78,47.220703125
"490",20250113,"20250113_training_00079","y","jmna","08:48 AEDT","unb+",79,309.45703125
"491",20250113,"20250113_training_00080","y","jmna","08:52 AEDT","jmna",80,34.06640625
"492",20250113,"20250113_training_00081","y","cmra","09:28 AEDT","pnaba",81,118.4296875
"493",20250113,"20250113_training_00082","y","cmra","09:32 AEDT","pnaba",82,204.240234375
"494",20250113,"20250113_training_00083","y","cmra","09:33 AEDT","",83,106.880859375
"495",20250113,"20250113_training_00084","y","cmra","09:35 AEDT","",84,121.25390625
"496",20250113,"20250113_training_00085","y","cmra","09:39 AEDT","",85,199.41796875
"497",20250113,"20250113_training_00086","y","cmra","09:42 AEDT","hona+",86,59.255859375
"498",20250113,"20250113_training_00087","y","cmra","09:44 AEDT","hona+",87,119.830078125
"499",20250113,"20250113_training_00088","y","cmra","09:45 AEDT","jbbwb",88,34.634765625
"500",20250113,"20250113_training_00089","y","cmra","09:47 AEDT","jbbwb",89,64.330078125
"501",20250113,"20250113_training_00090","y","cmra","09:48 AEDT","jbbwb",90,34.740234375
"502",20250113,"20250113_training_00091","y","cmra","09:49 AEDT","",91,81.521484375
"503",20250113,"20250113_training_00092","y","cmra","09:51 AEDT","",92,148.248046875
"505",20250113,"20250113_training_00094","y","jbrb","10:12 AEDT","",94,19.1015625
"506",20250113,"20250113_training_00095","y","jbrb","10:13 AEDT","",95,48.509765625
"507",20250113,"20250113_training_00096","y","","10:15 AEDT","jbrb/pbgrb",96,49.640625
"508",20250113,"20250113_training_00098","y","","10:27 AEDT","jbrb/pbgrb",98,165.556640625
"509",20250113,"20250113_training_00099","y","","10:29 AEDT","jbrb/pbgrb",99,62.396484375
"510",20250113,"20250113_training_00100","y","pbgrb","10:38 AEDT","hoab",100,519.3046875
"511",20250113,"20250113_training_00102","y","jbrb","10:41 AEDT","",102,92.44921875
"512",20250113,"20250113_training_00103","y","jbrb","10:51 AEDT","",103,37.88671875
"513",20250113,"20250113_training_00104","y","jbrb","10:53 AEDT","jbrb",104,54.380859375
"514",20250113,"20250113_training_00105","y","jbrb","10:56 AEDT","jbrb",105,73.9921875
"515",20250113,"20250113_training_00106","y","pbgrb","14:25 AEDT","hoab",106,38.05078125
"517",20250113,"20250113_training_00108","y","pbgrb","14:27 AEDT","~00:15 might be trying to grab nest materials (not foarging)",108,49.72265625
"518",20250113,"20250113_training_00109","y","pbgrb","14:31 AEDT","jbn",109,317.3671875
"519",20250113,"20250113_training_00110","y","pbgrb","14:32 AEDT","jbn",110,36.744140625
"520",20250113,"20250113_training_00111","y","pbgrb","14:37 AEDT","pbgrb",111,164.326171875
"521",20250113,"20250113_training_00112","y","jmna","14:46 AEDT","jmna",112,88.083984375
"522",20250113,"20250113_training_00113","y","jmna","14:57 AEDT","jmna",113,60.521484375
"523",20250113,"20250113_training_00114","y","jmna","14:58 AEDT","(hbby)",114,60.3984375
"524",20250113,"20250113_training_00115","y","jmna","15:02 AEDT","unb+",115,384.6796875
"531",20250113,"20250113_training_00122","y","cmra/jgyr","15:35 AEDT","",122,78.521484375
"532",20250113,"20250113_training_00123","y","cmra/jgyr","15:36 AEDT","",123,40.705078125
"533",20250113,"20250113_training_00124","y","cmra/jgyr","15:38 AEDT","",124,51.416015625
"534",20250113,"20250113_training_00125","y","cmra/jgyr","15:42 AEDT","",125,115.55859375
"536",20250114,"20250114_training_00127","y","jgyr","08:28 AEDT","",127,31.27734375
"537",20250114,"20250114_training_00128","y","pbgrb","08:38 AEDT","",128,17.71875
"538",20250114,"20250114_training_00129","y","pbgrb","08:39 AEDT","",129,56.765625
"539",20250114,"20250114_training_00130","y","pbgrb","08:40 AEDT","",130,54.46875
"540",20250114,"20250114_training_00131","y","pbgrb","08:41 AEDT","",131,46.810546875
"541",20250114,"20250114_training_00132","y","pbgrb","08:48 AEDT","",132,16.3828125
"542",20250114,"20250114_training_00133","y","pbgrb","08:50 AEDT","00:40~ Preening behind bush",133,81.75
"543",20250114,"20250114_training_00135","y","pbgrb","08:53 AEDT","",135,84.568359375
"544",20250114,"20250114_training_00136","y","pbgrb","08:55 AEDT","pbgrb+",136,220.640625
"545",20250114,"20250114_training_00137","y","pbgrb","08:58 AEDT","",137,106.86328125
"546",20250114,"20250114_training_00138","y","pbgrb","09:02 AEDT","hwbo+",138,312.5390625
"547",20250114,"20250114_training_00139","y","pbgrb","09:04 AEDT","jbn+",139,127.8515625
"548",20250114,"20250114_training_00141","y","gbb","09:08 AEDT","",141,12.966796875
"549",20250114,"20250114_training_00142","y","gbb","09:08 AEDT","",142,33.966796875
"550",20250114,"20250114_training_00143","y","gbb","09:09 AEDT","",143,21.427734375
"551",20250114,"20250114_training_00144","y","gbb","09:11 AEDT","",144,56.26171875
"552",20250114,"20250114_training_00145","y","gbb","09:11 AEDT","",145,40.98046875
"553",20250114,"20250114_training_00146","y","gbb","09:14 AEDT","hnwo,soo +",146,148.869140625
"554",20250114,"20250114_training_00147","y","gbb","09:17 AEDT","snro, hnwo",147,86.26171875
"555",20250114,"20250114_training_00148","y","syw","09:44 AEDT","hgrwn",148,284.337890625
"556",20250114,"20250114_training_00149","y","syw","09:47 AEDT","syw group with 2 cmra fledglings(Helen)",149,33.08203125
"558",20250114,"20250114_training_00152","y","","09:52 AEDT","",152,48.345703125
"559",20250114,"20250114_training_00153","y","syw","09:57 AEDT","syw+",153,341.419921875
"560",20250114,"20250114_training_00154","y","syw","09:59 AEDT","mostly syw",154,105.662109375
"562",20250114,"20250114_training_00157","y","syw","10:09 AEDT","hgrwn",157,34.41796875
"563",20250114,"20250114_training_00158","y","jbrb","10:49 AEDT","area, close to nest.. But didn't read the band",158,132.087890625
"565",20250114,"20250114_training_00160","y","pbgrb","14:29 AEDT","",160,27.8671875
"566",20250114,"20250114_training_00162","y","jmna","14:51 AEDT","",162,44.96484375
"567",20250114,"20250114_training_00163","y","jmna","14:54 AEDT","hoa+. some peckings might be drinking ",163,277.48828125
"568",20250114,"20250114_training_00164","y","jmna","14:55 AEDT","",164,24.87890625
"569",20250114,"20250114_training_00165","y","jgyr","15:11 AEDT","",165,26.666015625
"570",20250114,"20250114_training_00166","y","jgyr","15:12 AEDT","",166,50.4609375
"571",20250114,"20250114_training_00167","y","jgyr","15:14 AEDT","",167,67.48828125
"572",20250114,"20250114_training_00168","y","jgyr","15:16 AEDT","pwrbo",168,174.92578125
"573",20250114,"20250114_training_00169","y","jgyr","15:17 AEDT","pwrbo",169,11.208984375
"574",20250114,"20250114_training_00170","y","jgyr","15:20 AEDT","",170,33.15234375
"575",20250114,"20250114_training_00171","y","cmra","15:29 AEDT","jbbwb+",171,233.197265625
"576",20250114,"20250114_training_00172","y","cmra","15:34 AEDT","",172,75.263671875
"577",20250114,"20250114_training_00173","y","cmra","15:36 AEDT","other bird 00:12",173,124.728515625
"578",20250115,"20250115_training_00177","y","syw","09:31 AEDT","syw",177,29.58984375
"579",20250115,"20250115_training_00178","y","syw","09:37 AEDT","syw, hgrwn+",178,470.572265625
"580",20250115,"20250115_training_00179","y","syw","09:38 AEDT","",179,14.94140625
"581",20250115,"20250115_training_00180","y","syw","09:40 AEDT","syw",180,88.171875
"582",20250115,"20250115_training_00181","y","syw","09:46 AEDT","hgrwn, hona",181,282.568359375
"584",20250115,"20250115_training_00183","y","jgyr","09:52 AEDT","",183,32.689453125
"585",20250115,"20250115_training_00184","y","cmra","10:01 AEDT","",184,37.400390625
"586",20250115,"20250115_training_00185","y","cmra","10:02 AEDT","hona, pnaba",185,47.759765625
"587",20250115,"20250115_training_00186","y","cmra","10:04 AEDT","hona",186,64.16015625
"588",20250115,"20250115_training_00187","y","cmra","10:14 AEDT","hona",187,57.064453125
"589",20250115,"20250115_training_00188","y","cmra","10:15 AEDT","hona",188,58.23046875
"590",20250115,"20250115_training_00189","y","pbgrb","10:26 AEDT","",189,28.458984375
"591",20250115,"20250115_training_00191","y","pbgrb","10:29 AEDT","",191,94.060546875
"592",20250115,"20250115_training_00192","y","jmna","10:54 AEDT","",192,58.400390625
"593",20250115,"20250115_training_00194","y","jmna","10:56 AEDT","hoa+",194,84.275390625
"594",20250115,"20250115_training_00195","y","jmna","10:58 AEDT","",195,64.53515625
"595",20250115,"20250115_training_00196","y","jmna","11:03 AEDT","unb, hoa, hbby, gbb(?)",196,325.16015625
"596",20250115,"20250115_training_00197","y","gbb","14:15 AEDT","conr",197,23.3671875
"597",20250115,"20250115_training_00198","y","gbb","14:17 AEDT","",198,76.365234375
"598",20250115,"20250115_training_00200","y","gbb","14:21 AEDT","hown",200,147.169921875
"599",20250115,"20250115_training_00201","y","jgyr","14:23 AEDT","pwrbo",201,103.46484375
"600",20250115,"20250115_training_00202","y","gbb","14:26 AEDT","hown",202,156.984375
"601",20250115,"20250115_training_00203","y","gbb","14:27 AEDT","hown, snro",203,67.974609375
"602",20250115,"20250115_training_00204","y","gbb","14:31 AEDT","hown, snro",204,188.373046875
"605",20250115,"20250115_training_00208","y","syw","15:13 AEDT","hgrwn+",208,237.890625
"607",20250115,"20250115_training_00210","y","syw","15:21 AEDT","smow+. Not foraging. Doesn't land on ground",210,93.169921875
"608",20250115,"20250115_training_00211","y","cmra","15:27 AEDT","",211,32.572265625
"609",20250115,"20250115_training_00212","y","cmra","15:28 AEDT","hona",212,113.578125
"610",20250115,"20250115_training_00213","y","cmra","15:31 AEDT","hona, jbbwb",213,71.6953125
"611",20250115,"20250115_training_00215","y","cmra","15:33 AEDT","pnaba",215,29.09765625
"612",20250115,"20250115_training_00216","y","jgyr","15:36 AEDT","pwrbo, hbny",216,134.37890625
"613",20250115,"20250115_training_00217","y","jgyr","15:37 AEDT","pwrbo, hbny",217,20.34375
"614",20250115,"20250115_training_00218","y","jgyr","15:38 AEDT","pwrbo, hbny",218,42.2109375
"615",20250115,"20250115_training_00219","y","jgyr","15:42 AEDT","",219,87.59765625
"616",20250115,"20250115_training_00220","y","jgyr","15:47 AEDT","honrw+",220,173.94140625
